{
    "ts": [
        "20250421202300000",
        "20250421202200000",
        "20250421202100000",
        "20250421202000000",
        "20250421201900000",
        "20250421201800000",
        "20250421201700000",
        "20250421201600000",
        "20250421201500000",
        "20250421201400000",
        "20250421201300000",
        "20250421201200000",
        "20250421201100000",
        "20250421201000000",
        "20250421200900000",
        "20250421200800000",
        "20250421200700000",
        "20250421200600000",
        "20250421200500000",
        "20250421200400000",
        "20250421200300000",
        "20250421200200000",
        "20250421200100000",
        "20250421200000000",
        "20250421195900000",
        "20250421195800000",
        "20250421195700000",
        "20250421195600000",
        "20250421195500000",
        "20250421195400000",
        "20250421195300000"
    ],
    "open": [
        0.04605,
        0.04608,
        0.04608,
        0.04607,
        0.04605,
        0.04599,
        0.04598,
        0.04592,
        0.04604,
        0.04603,
        0.0459,
        0.04595,
        0.046,
        0.04599,
        0.04594,
        0.04605,
        0.0461,
        0.04599,
        0.04615,
        0.04603,
        0.04614,
        0.04618,
        0.04601,
        0.04597,
        0.04592,
        0.04591,
        0.04593,
        0.0458,
        0.046,
        0.04594,
        0.0459
    ],
    "volume": [
        257325,
        129270,
        468838,
        224656,
        151925,
        732960,
        219108,
        272423,
        482830,
        326268,
        507701,
        173013,
        241903,
        254753,
        169827,
        220617,
        447387,
        305222,
        358011,
        261542,
        367971,
        1192087,
        409953,
        463115,
        242814,
        171719,
        141340,
        758020,
        184046,
        189529,
        184240
    ],
    "ready": true
}