{
    "ts": [
        "20250417214400000",
        "20250417214300000",
        "20250417214200000",
        "20250417214100000",
        "20250417214000000",
        "20250417213900000",
        "20250417213800000",
        "20250417213700000",
        "20250417213600000",
        "20250417213500000",
        "20250417213400000",
        "20250417213300000",
        "20250417213200000",
        "20250417213100000",
        "20250417213000000",
        "20250417212900000",
        "20250417212800000",
        "20250417212700000",
        "20250417212600000",
        "20250417212500000",
        "20250417212400000",
        "20250417212300000",
        "20250417212200000",
        "20250417212100000",
        "20250417212000000",
        "20250417211900000",
        "20250417211800000",
        "20250417211700000",
        "20250417211600000",
        "20250417211500000",
        "20250417211400000"
    ],
    "open": [
        0.02949,
        0.0294,
        0.02941,
        0.02933,
        0.02929,
        0.02927,
        0.02927,
        0.02932,
        0.0293,
        0.02929,
        0.0293,
        0.02935,
        0.02938,
        0.02943,
        0.02941,
        0.02942,
        0.02943,
        0.02947,
        0.02945,
        0.0295,
        0.02949,
        0.02951,
        0.02944,
        0.02944,
        0.02941,
        0.02935,
        0.02935,
        0.0294,
        0.02939,
        0.02937,
        0.02939
    ],
    "volume": [
        24939,
        141915,
        102012,
        33220,
        67487,
        59887,
        85928,
        64426,
        8236,
        32366,
        24386,
        146138,
        491110,
        72157,
        17055,
        18651,
        13627,
        168026,
        33701,
        66894,
        103444,
        5954,
        44761,
        5758,
        13582,
        42034,
        23215,
        39868,
        7563,
        30399,
        59952
    ],
    "ready": false
}